attorney,firm
Sarah Plazola,Law Offices of the Public Defender
Margaret Broenniman,Law Offices of the Public Defender
Matthew Oâ€™Gorman,Law Offices of the Public Defender
Maxwell Pines,Law Offices of the Public Defender
Victor Chacon,Law Offices of the Public Defender
Joseph Sanchez,Law Offices of the Public Defender
Jennifer Barela,Law Offices of the Public Defender
Daniel Snyder,Law Offices of the Public Defender
Martin Juarez,Law Offices of the Public Defender
Mark Ramsey,The Law Offices of Ramsey & Hoon LLC
Twila Hoon,The Law Offices of Ramsey & Hoon LLC
Edward O. Bustamante,Edward O Bustamante Esq
Sam Bregman,The Bregman Law Firm PC
Raul Lopez,
Monnica Barreras,Law Office of Monnica L Barreras LLC
Marcus Cameron,Marcus J Cameron Attorney at Law
Marshall Ray,Law Offices of Marshall J Ray LLC
Chandler Blair,Law Office of Chandler C Blair
Rachel Walker Al-Yasi,
Jason Alarid,
